{"epoch": [1, 2, 3, 4, 5, 6, 7, 8, 9, 10, 11, 12, 13, 14, 15, 16, 17, 18, 19, 20], "loss": [0.8668420761823654, 0.8624960581461588, 0.8589671105146408, 0.8556743115186691, 0.8525080780188242, 0.8492749830087026, 0.8459126452604929, 0.8419454246759415, 0.8373950570821762, 0.832582081357638, 0.8272905300060908, 0.8218744993209839, 0.8162117550770441, 0.8101433018843333, 0.8041958014170328, 0.7986389497915903, 0.7936730235815048, 0.7884070922931036, 0.7835162878036499, 0.778597335020701]}